Id,Model,Ram,Hdd,Location,Price
1,Dell R210Intel Xeon X3440,16GBDDR3,2x2TBSATA2,AmsterdamAMS-01,€49.99
2,HP DL180G62x Intel Xeon E5620,32GBDDR3,8x2TBSATA2,AmsterdamAMS-01,€119.00
3,HP DL380eG82x Intel Xeon E5-2420,32GBDDR3,8x2TBSATA2,AmsterdamAMS-01,€131.99
4,RH2288v32x Intel Xeon E5-2650V4,128GBDDR4,4x480GBSSD,AmsterdamAMS-01,€227.99
5,RH2288v32x Intel Xeon E5-2620v4,64GBDDR4,4x2TBSATA2,AmsterdamAMS-01,€161.99
6,Dell R210-IIIntel Xeon E3-1230v2,16GBDDR3,2x2TBSATA2,AmsterdamAMS-01,€72.99
7,HP DL380pG82x Intel Xeon E5-2650,64GBDDR3,8x2TBSATA2,AmsterdamAMS-01,€179.99
8,IBM X36302x Intel Xeon E5620,32GBDDR3,8x2TBSATA2,AmsterdamAMS-01,€106.99
9,HP DL120G7Intel G850,4GBDDR3,4x1TBSATA2,AmsterdamAMS-01,€39.99
10,Dell R730XD2x Intel Xeon E5-2667v4,128GBDDR4,2x120GBSSD,AmsterdamAMS-01,€364.99
11,Dell R730XD2x Intel Xeon E5-2670v3,128GBDDR4,2x120GBSSD,AmsterdamAMS-01,€364.99
12,Dell R730XD2x Intel Xeon E5-2650v3,128GBDDR4,4x480GBSSD,AmsterdamAMS-01,€279.99
13,Dell R730XD2x Intel Xeon E5-2650v4,128GBDDR4,4x480GBSSD,AmsterdamAMS-01,€286.99
14,Dell R730XD2x Intel Xeon E5-2630v4,128GBDDR4,4x480GBSSD,AmsterdamAMS-01,€239.99
15,HP DL180 G92x Intel Xeon E5-2620v3,64GBDDR4,2x120GBSSD,AmsterdamAMS-01,€199.99
16,Dell R210-IIIntel G530,4GBDDR3,2x500GBSATA2,AmsterdamAMS-01,€35.99
17,Dell R210-IIIntel Xeon E3-1220,16GBDDR3,2x1TBSATA2,AmsterdamAMS-01,€59.99
18,Dell R9304x Intel Xeon E7-4850v3,64GBDDR4,2x120GBSSD,AmsterdamAMS-01,€1044.99
19,Dell R9304x Intel Xeon E7-4820v3,64GBDDR4,2x120GBSSD,AmsterdamAMS-01,€756.99
20,Dell R9304x Intel Xeon E7-4830v3,64GBDDR4,2x120GBSSD,AmsterdamAMS-01,€874.99
21,Dell R210-IIIntel Xeon E3-1270v2,16GBDDR3,2x1TBSATA2,AmsterdamAMS-01,€89.99
22,Supermicro SC846Intel Xeon E5620,32GBDDR3,24x1TBSATA2,AmsterdamAMS-01,€199.99
23,HP DL120G91x Intel E5-1650v3,64GBDDR4,4x2TBSATA2,AmsterdamAMS-01,€154.99
24,HP DL120G7Intel Xeon E3-1230,16GBDDR3,4x1TBSATA2,AmsterdamAMS-01,€84.99
25,DL20G9Intel Xeon E3-1270v5,16GBDDR4,2x1TBSATA2,AmsterdamAMS-01,€112.99
26,HP DL120G91x Intel E5-1620v3,32GBDDR4,4x2TBSATA2,AmsterdamAMS-01,€119.99
27,HP DL380pG82x Intel Xeon E5-2620,64GBDDR3,8x2TBSATA2,AmsterdamAMS-01,€154.99
28,HP DL380eG82x Intel Xeon E5-2420,32GBDDR3,8x2TBSATA2,AmsterdamAMS-01,€142.99
29,Dell R730XD2x Intel Xeon E5-2620v3,64GBDDR4,4x2TBSATA2,AmsterdamAMS-01,€209.99
30,RH2288v32x Intel Xeon E5-2650V4,128GBDDR4,4x480GBSSD,AmsterdamAMS-01,€227.99
31,RH2288v32x Intel Xeon E5-2620v4,64GBDDR4,4x2TBSATA2,AmsterdamAMS-01,€161.99
32,Dell R730XD2x Intel Xeon E5-2620v4,64GBDDR4,4x2TBSATA2,AmsterdamAMS-01,€204.99
33,Dell R210-IIIntel Xeon E3-1230v2,16GBDDR3,2x2TBSATA2,AmsterdamAMS-01,€72.99
34,Dell R7202x Intel Xeon E5-2643,32GBDDR3,2x120GBSSD,AmsterdamAMS-01,€221.99
35,HP DL180G62x Intel Xeon E5645,32GBDDR3,8x2TBSATA2,AmsterdamAMS-01,€129.99
36,Dell R6202x Intel Xeon E5-2650,96GBDDR3,8x120GBSSD,AmsterdamAMS-01,€191.99
37,HP DL120G7Intel Xeon E3-1230,16GBDDR3,4x1TBSATA2,AmsterdamAMS-01,€195.99
38,HP DL380pG82x Intel Xeon E5-2620,64GBDDR3,8x2TBSATA2,AmsterdamAMS-01,€295.99
39,HP DL380pG82x Intel Xeon E5-2650,64GBDDR3,8x2TBSATA2,AmsterdamAMS-01,€355.99
40,HP DL120G7Intel G850,4GBDDR3,4x1TBSATA2,AmsterdamAMS-01,€163.99
41,Dell R210-IIIntel Xeon E3-1230v2,16GBDDR3,2x500GBSATA2,AmsterdamAMS-01,€119.99
42,HP DL380pG82x Intel Xeon E5-2650,64GBDDR3,8x2TBSATA2,AmsterdamAMS-01,€272.99
43,Dell R730XD2x Intel Xeon E5-2650v3,128GBDDR4,4x480GBSSD,AmsterdamAMS-01,€367.99
44,HP DL380pG82x Intel Xeon E5-2620,64GBDDR3,8x2TBSATA2,AmsterdamAMS-01,€212.99
45,Dell R730XD2x Intel Xeon E5-2620v3,64GBDDR4,4x2TBSATA2,AmsterdamAMS-01,€277.99
46,Dell R730XD2x Intel Xeon E5-2670v3,128GBDDR4,2x120GBSSD,AmsterdamAMS-01,€389.99
47,HP DL180G62x Intel Xeon E5645,32GBDDR3,8x2TBSATA2,AmsterdamAMS-01,€180.99
48,Dell R7202x Intel Xeon E5-2643,32GBDDR3,2x120GBSSD,AmsterdamAMS-01,€246.99
49,Dell R730XD2x Intel Xeon E5-2630v4,128GBDDR4,4x480GBSSD,AmsterdamAMS-01,€341.99
50,HP DL180G62x Intel Xeon E5620,32GBDDR3,8x2TBSATA2,AmsterdamAMS-01,€166.99
51,HP DL380eG82x Intel Xeon E5-2420,64GBDDR3,8x2TBSATA2,AmsterdamAMS-01,€304.99
52,HP DL180 G92x Intel Xeon E5-2620v3,64GBDDR4,2x120GBSSD,AmsterdamAMS-01,€279.99
53,Dell R210-IIIntel G530,4GBDDR3,2x500GBSATA2,AmsterdamAMS-01,€60.99
54,Dell R210-IIIntel Xeon E3-1220,16GBDDR3,2x1TBSATA2,AmsterdamAMS-01,€110.99
55,Dell R210Intel Xeon X3440,16GBDDR3,2x2TBSATA2,AmsterdamAMS-01,€83.99
56,Dell R9304x Intel Xeon E7-4850v3,64GBDDR4,2x120GBSSD,AmsterdamAMS-01,€1069.99
57,Dell R9304x Intel Xeon E7-4820v3,64GBDDR4,2x120GBSSD,AmsterdamAMS-01,€781.99
58,Dell R9304x Intel Xeon E7-4830v3,64GBDDR4,2x120GBSSD,AmsterdamAMS-01,€899.99
59,HP DL120G7Intel G850,4GBDDR3,4x1TBSATA2,AmsterdamAMS-01,€80.99
60,Supermicro SC846Intel Xeon E5620,32GBDDR3,24x1TBSATA2,AmsterdamAMS-01,€224.99
61,HP DL120G91x Intel E5-1620v3,32GBDDR4,4x2TBSATA2,AmsterdamAMS-01,€143.99
62,HP DL380pG82x Intel Xeon E5-2650,64GBDDR3,8x2TBSATA2,AmsterdamAMS-01,€252.99
63,Dell R730XD2x Intel Xeon E5-2650v3,128GBDDR4,4x480GBSSD,AmsterdamAMS-01,€347.99
64,HP DL180G62x Intel Xeon E5620,32GBDDR3,8x2TBSATA2,AmsterdamAMS-01,€146.99
65,Dell R730XD2x Intel Xeon E5-2620v3,64GBDDR4,4x2TBSATA2,AmsterdamAMS-01,€257.99
66,HP DL380pG82x Intel Xeon E5-2620,64GBDDR3,8x2TBSATA2,AmsterdamAMS-01,€192.99
67,Dell R730XD2x Intel Xeon E5-2670v3,128GBDDR4,2x120GBSSD,AmsterdamAMS-01,€369.99
68,Dell R7202x Intel Xeon E5-2643,32GBDDR3,2x120GBSSD,AmsterdamAMS-01,€226.99
69,Dell R730XD2x Intel Xeon E5-2630v4,128GBDDR4,4x480GBSSD,AmsterdamAMS-01,€321.99
70,HP DL180 G92x Intel Xeon E5-2620v3,64GBDDR4,2x120GBSSD,AmsterdamAMS-01,€259.99
71,Dell R9304x Intel Xeon E7-4830v3,64GBDDR4,2x120GBSSD,AmsterdamAMS-01,€879.99
72,Dell R9304x Intel Xeon E7-4850v3,64GBDDR4,2x120GBSSD,AmsterdamAMS-01,€1049.99
73,Dell R9304x Intel Xeon E7-4820v3,64GBDDR4,2x120GBSSD,AmsterdamAMS-01,€761.99
74,Dell R210-IIIntel G530,4GBDDR3,2x500GBSATA2,AmsterdamAMS-01,€40.99
75,Dell R210Intel Xeon X3440,16GBDDR3,2x2TBSATA2,AmsterdamAMS-01,€63.99
76,Dell R210-IIIntel Xeon E3-1220,16GBDDR3,2x1TBSATA2,AmsterdamAMS-01,€90.99
77,HP DL120G7Intel G850,4GBDDR3,4x1TBSATA2,AmsterdamAMS-01,€60.99
78,Supermicro SC846Intel Xeon E5620,32GBDDR3,24x1TBSATA2,AmsterdamAMS-01,€355.99
79,HP DL380eG82x Intel Xeon E5-2420,64GBDDR3,8x2TBSATA2,AmsterdamAMS-01,€190.99
80,HP DL180G62x Intel Xeon E5645,32GBDDR3,8x2TBSATA2,AmsterdamAMS-01,€160.99
81,Dell R210Intel Xeon X3440,16GBDDR3,2x2TBSATA2,AmsterdamAMS-01,€197.99
82,HP DL380pG82x Intel Xeon E5-2650,64GBDDR3,8x2TBSATA2,AmsterdamAMS-01,€386.99
83,Dell R730XD2x Intel Xeon E5-2650v3,128GBDDR4,4x480GBSSD,AmsterdamAMS-01,€481.99
84,HP DL180G62x Intel Xeon E5620,32GBDDR3,8x2TBSATA2,AmsterdamAMS-01,€280.99
85,Dell R730XD2x Intel Xeon E5-2620v3,64GBDDR4,4x2TBSATA2,AmsterdamAMS-01,€391.99
86,HP DL380pG82x Intel Xeon E5-2620,64GBDDR3,8x2TBSATA2,AmsterdamAMS-01,€326.99
87,Dell R730XD2x Intel Xeon E5-2670v3,128GBDDR4,2x120GBSSD,AmsterdamAMS-01,€503.99
88,Dell R7202x Intel Xeon E5-2643,32GBDDR3,2x120GBSSD,AmsterdamAMS-01,€360.99
89,Dell R730XD2x Intel Xeon E5-2630v4,128GBDDR4,4x480GBSSD,AmsterdamAMS-01,€455.99
90,HP DL180 G92x Intel Xeon E5-2620v3,64GBDDR4,2x120GBSSD,AmsterdamAMS-01,€393.99
91,Dell R9304x Intel Xeon E7-4830v3,64GBDDR4,2x120GBSSD,AmsterdamAMS-01,€1013.99
92,Dell R9304x Intel Xeon E7-4850v3,64GBDDR4,2x120GBSSD,AmsterdamAMS-01,€1183.99
93,Dell R9304x Intel Xeon E7-4820v3,64GBDDR4,2x120GBSSD,AmsterdamAMS-01,€895.99
94,Dell R210-IIIntel G530,4GBDDR3,2x500GBSATA2,AmsterdamAMS-01,€174.99
95,Dell R210-IIIntel Xeon E3-1220,16GBDDR3,2x1TBSATA2,AmsterdamAMS-01,€224.99
96,HP DL120G7Intel G850,4GBDDR3,4x1TBSATA2,AmsterdamAMS-01,€194.99
97,Supermicro SC846Intel Xeon E5620,32GBDDR3,24x1TBSATA2,AmsterdamAMS-01,€489.99
98,HP DL380eG82x Intel Xeon E5-2420,64GBDDR3,8x2TBSATA2,AmsterdamAMS-01,€304.99
99,HP DL180G62x Intel Xeon E5645,32GBDDR3,8x2TBSATA2,AmsterdamAMS-01,€294.99
100,Dell R720XD2x Intel Xeon E5-2620,8GBDDR3,4x1TBSATA2,AmsterdamAMS-01,€1907.99
101,Dell R720XD2x Intel Xeon E5-2650,8GBDDR3,4x1TBSATA2,AmsterdamAMS-01,€1973.99
102,HP DL380pG82x Intel Xeon E5-2620,8GBDDR3,4x1TBSATA2,AmsterdamAMS-01,€1907.99
103,HP DL380pG82x Intel Xeon E5-2650,8GBDDR3,4x1TBSATA2,AmsterdamAMS-01,€1967.99
104,HP DL120G7Intel G850,4GBDDR3,4x500GBSATA2,AmsterdamAMS-01,€1775.99
105,HP DL120G7Intel Xeon E3-1230,8GBDDR3,4x500GBSATA2,AmsterdamAMS-01,€1807.99
106,HP DL120G7Intel Xeon E3-1240,16GBDDR3,4x1TBSATA2,Washington D.C.WDC-01,$105.99
107,Dell R210Intel Xeon X3430,8GBDDR3,2x500GBSATA2,Washington D.C.WDC-01,$55.99
108,Dell R210-IIIntel Xeon E3-1270v2,16GBDDR3,2x1TBSATA2,San FranciscoSFO-12,$121.99
109,Dell R730XD2x Intel Xeon E5-2650V4,128GBDDR4,4x480GBSSD,SingaporeSIN-11,S$565.99
110,Dell R730XD2x Intel Xeon E5-2650v4,128GBDDR4,4x480GBSSD,Washington D.C.WDC-01,$431.99
111,Dell R730XD2x Intel Xeon E5-2630v4,128GBDDR4,4x480GBSSD,Washington D.C.WDC-01,$380.99
112,Dell R730XD2x Intel Xeon E5-2630v3,128GBDDR4,2x120GBSSD,Washington D.C.WDC-01,$360.99
113,HP DL180 G92x Intel Xeon E5-2650v3,128GBDDR4,2x120GBSSD,Washington D.C.WDC-01,$413.99
114,HP DL180 G92x Intel Xeon E5-2620v3,64GBDDR4,2x120GBSSD,San FranciscoSFO-12,$305.99
115,Dell R730XD2x Intel Xeon E5-2620v3,64GBDDR4,2x120GBSSD,San FranciscoSFO-12,$303.99
116,HP DL180 G92x Intel Xeon E5-2630v3,128GBDDR4,2x120GBSSD,San FranciscoSFO-12,$362.99
117,Dell R730XD2x Intel Xeon E5-2630v3,128GBDDR4,2x120GBSSD,San FranciscoSFO-12,$360.99
118,Dell R730XD2x Intel Xeon E5-2630v4,128GBDDR4,4x480GBSSD,San FranciscoSFO-12,$380.99
119,HP DL180 G92x Intel Xeon E5-2650v3,128GBDDR4,2x120GBSSD,San FranciscoSFO-12,$413.99
120,Dell R730XD2x Intel Xeon E5-2650v3,128GBDDR4,2x120GBSSD,San FranciscoSFO-12,$411.99
121,Dell R730XD2x Intel Xeon E5-2650v4,128GBDDR4,4x480GBSSD,San FranciscoSFO-12,$431.99
122,Dell R730XD2x Intel Xeon E5-2620v4,64GBDDR4,2x120GBSSD,San FranciscoSFO-12,$319.99
123,Dell R730XD2x Intel Xeon E5-2620v4,64GBDDR4,2x120GBSSD,Washington D.C.WDC-01,$319.99
124,HP DL180G62x Intel Xeon E5620,32GBDDR3,8x300GBSAS,DallasDAL-10,$170.99
125,Dell R5102x Intel Xeon E5620,8GBDDR3,2x1TBSATA2,DallasDAL-10,$165.99
126,HP DL380eG82x Intel Xeon E5-2420,64GBDDR3,8x2TBSATA2,DallasDAL-10,$199.99
127,HP DL380eG82x Intel Xeon E5-2420,16GBDDR3,8x3TBSATA2,DallasDAL-10,$206.99
128,IBM X3650M42x Intel Xeon E5-2620,32GBDDR3,2x1TBSATA2,DallasDAL-10,$220.99
129,HP DL380pG82x Intel Xeon E5-2620,32GBDDR3,2x1TBSATA2,DallasDAL-10,$225.99
130,HP DL380pG82x Intel Xeon E5-2650,128GBDDR3,1x120GBSSD,DallasDAL-10,$297.99
131,HP DL180G62x Intel Xeon E5620,32GBDDR3,8x300GBSAS,Washington D.C.WDC-01,$170.99
132,HP DL380eG82x Intel Xeon E5-2420,32GBDDR3,2x1TBSATA2,Washington D.C.WDC-01,$199.99
133,IBM X3650M42x Intel Xeon E5-2620,32GBDDR3,2x1TBSATA2,Washington D.C.WDC-01,$220.99
134,HP DL180G62x Intel Xeon E5620,32GBDDR3,2x1TBSATA2,SingaporeSIN-11,S$228.00
135,Supermicro SC846Intel Xeon E5620,32GBDDR3,24x1TBSATA2,DallasDAL-10,$421.99
136,DL20G9Intel Xeon E3-1270v5,16GBDDR4,2x1TBSATA2,San FranciscoSFO-12,$135.99
137,Huawei RH1288v22x Intel Xeon E5-2650,8GBDDR3,2x1TBSATA2,SingaporeSIN-11,S$269.99
138,Dell R730XD2x Intel Xeon E5-2620V4,64GBDDR4,4x2TBSATA2,SingaporeSIN-11,S$421.99
139,Huawei RH2288V22x Intel Xeon E5-2620,32GBDDR3,2x1TBSATA2,SingaporeSIN-11,S$239.99
140,Dell R730XD2x Intel Xeon E5-2650v4,128GBDDR4,4x480GBSSD,FrankfurtFRA-10,€395.99
141,Dell R730XD2x Intel Xeon E5-2620v3,64GBDDR4,2x120GBSSD,FrankfurtFRA-10,€252.99
142,Dell R730XD2x Intel Xeon E5-2650v3,128GBDDR4,2x120GBSSD,FrankfurtFRA-10,€342.99
143,Dell R730XD2x Intel Xeon E5-2670v3,128GBDDR4,2x120GBSSD,FrankfurtFRA-10,€364.99
144,Dell R730XD2x Intel Xeon E5-2670v3,128GBDDR4,2x120GBSSD,Washington D.C.WDC-01,$437.99
145,Dell R730XD2x Intel Xeon E5-2620v3,64GBDDR4,2x120GBSSD,DallasDAL-10,$303.99
146,Dell R730XD2x Intel Xeon E5-2650v3,128GBDDR4,2x120GBSSD,DallasDAL-10,$411.99
147,HP DL180G62x Intel Xeon E5620,32GBDDR3,8x2TBSATA2,FrankfurtFRA-10,€99.00
148,IBM X36302x Intel Xeon E5620,32GBDDR3,8x2TBSATA2,FrankfurtFRA-10,€99.00
149,IBM X3650M42x Intel Xeon E5-2620,32GBDDR3,6x1TBSATA2,FrankfurtFRA-10,€124.99
150,Dell R720XD2x Intel Xeon E5-2620,32GBDDR3,2x1TBSATA2,DallasDAL-10,$225.99
151,HP DL180G62x Intel Xeon E5620,32GBDDR3,8x2TBSATA2,FrankfurtFRA-10,€187.99
152,HP DL380eG82x Intel Xeon E5-2420,32GBDDR3,8x300GBSAS,FrankfurtFRA-10,€176.99
153,HP DL380eG82x Intel Xeon E5-2420,8GBDDR3,4x1TBSATA2,Washington D.C.WDC-01,$183.99
154,HP DL180G62x Intel Xeon E5620,32GBDDR3,2x1TBSATA2,Hong KongHKG-10,S$228.00
155,HP DL180G62x Intel Xeon E5620,8GBDDR3,4x1TBSATA2,Washington D.C.WDC-01,$175.99
156,Dell R720XD2x Intel Xeon E5-2640v2,64GBDDR3,8x1TBSATA2,FrankfurtFRA-10,€249.00
157,Dell R730XD2x Intel Xeon E5-2630v4,128GBDDR4,4x480GBSSD,FrankfurtFRA-10,€316.99
158,Dell R730XD2x Intel Xeon E5-2630v4,128GBDDR4,4x480GBSSD,DallasDAL-10,$380.99
159,Dell R730XD2x Intel Xeon E5-2630v4,128GBDDR4,4x960GBSSD,FrankfurtFRA-10,€362.99
160,Dell R730XD2x Intel Xeon E5-2650v4,128GBDDR4,4x960GBSSD,FrankfurtFRA-10,€471.99
161,HP DL180G62x Intel Xeon E5645,8GBDDR3,4x1TBSATA2,Washington D.C.WDC-01,$187.99
162,Dell R720XD2x Intel Xeon E5-2620,32GBDDR3,2x1TBSATA2,Washington D.C.WDC-01,$225.99
163,Dell R730XD2x Intel Xeon E5-2650V3,128GBDDR4,2x120GBSSD,SingaporeSIN-11,S$545.99
164,Dell R730XD2x Intel Xeon E5-2620v3,64GBDDR4,2x120GBSSD,Washington D.C.WDC-01,$303.99
165,Dell R730XD2x Intel Xeon E5-2650v3,128GBDDR4,2x120GBSSD,Washington D.C.WDC-01,$411.99
166,HP DL180 G92x Intel Xeon E5-2620v3,64GBDDR4,2x120GBSSD,FrankfurtFRA-10,€254.99
167,HP DL180 G92x Intel Xeon E5-2620v3,64GBDDR4,2x120GBSSD,Washington D.C.WDC-01,$305.99
168,HP DL180 G92x Intel Xeon E5-2620v3,64GBDDR4,2x120GBSSD,DallasDAL-10,$305.99
169,HP DL160 G92x Intel Xeon E5-2630v3,128GBDDR4,2x120GBSSD,DallasDAL-10,$382.99
170,Dell R730XD2x Intel Xeon E5-2670v3,128GBDDR4,2x120GBSSD,DallasDAL-10,$437.99
171,HP DL180 G92x Intel Xeon E5-2630v3,128GBDDR4,2x120GBSSD,Washington D.C.WDC-01,$362.99
172,HP DL180 G92x Intel Xeon E5-2630v3,128GBDDR4,2x120GBSSD,FrankfurtFRA-10,€318.99
173,Dell R6302x Intel Xeon E5-2650v3,128GBDDR4,2x120GBSSD,SingaporeSIN-11,S$555.99
174,HP DL120G7Intel Xeon E3-1230,16GBDDR3,2x500GBSATA2,San FranciscoSFO-12,$105.99
175,HP DL120G7Intel Xeon E3-1230,16GBDDR3,2x500GBSATA2,Washington D.C.WDC-01,$105.99
176,HP DL120G7Intel Xeon E3-1270,16GBDDR3,2x500GBSATA2,DallasDAL-10,$110.99
177,HP DL120G7Intel Xeon E3-1230,16GBDDR3,2x500GBSATA2,DallasDAL-10,$105.99
178,Dell R210-IIIntel Xeon E3-1270v2,16GBDDR3,2x1TBSATA2,DallasDAL-10,$121.99
179,HP DL120G6Intel G6950,4GBDDR3,4x500GBSATA2,Washington D.C.WDC-01,$49.99
180,HP DL120G7Intel Xeon E3-1270,16GBDDR3,2x1TBSATA2,Washington D.C.WDC-01,$110.99
181,HP DL120G91x Intel E5-1650v3,64GBDDR4,2x120GBSSD,San FranciscoSFO-12,$263.99
182,HP DL120G91x Intel E5-1650v3,64GBDDR4,2x120GBSSD,DallasDAL-10,$263.99
183,HP DL120G9Intel Xeon E5-1650v3,64GBDDR4,2x120GBSSD,Hong KongHKG-10,S$368.99
184,HP DL120G9Intel Xeon E5-1650v3,64GBDDR4,2x120GBSSD,SingaporeSIN-11,S$368.99
185,Dell R9304x Intel Xeon E7-4820v3,64GBDDR4,2x120GBSSD,SingaporeSIN-11,S$1328.99
186,Dell R9304x Intel Xeon E7-4830v3,64GBDDR4,2x120GBSSD,SingaporeSIN-11,S$1516.99
187,Dell R9304x Intel Xeon E7-4850v3,64GBDDR4,2x120GBSSD,FrankfurtFRA-10,€1044.99
188,Dell R9304x Intel Xeon E7-4850v3,64GBDDR4,2x120GBSSD,SingaporeSIN-11,S$1787.99
189,Dell R9304x Intel Xeon E7-4820v3,64GBDDR4,2x120GBSSD,FrankfurtFRA-10,€756.99
190,Dell R9304x Intel Xeon E7-4830v3,64GBDDR4,2x120GBSSD,FrankfurtFRA-10,€874.99
191,DL20G9Intel Xeon E3-1270v5,16GBDDR4,2x1TBSATA2,Washington D.C.WDC-01,$135.99
192,HP DL120G91x Intel E5-1620v3,16GBDDR4,4x1TBSATA2,Washington D.C.WDC-01,$176.99
193,Dell R730XD2x Intel Xeon E5-2620v4,64GBDDR4,4x2TBSATA2,FrankfurtFRA-10,€204.99
194,HP DL120G6Intel G6950,4GBDDR3,4x500GBSATA2,Washington D.C.WDC-01,$43.99
195,HP DL20 G9Intel Xeon E3-1270v5,16GBDDR4,2x1TBSATA2,SingaporeSIN-11,S$208.00
196,HP DL20 G9Intel Xeon E3-1270v5,16GBDDR4,2x1TBSATA2,Hong KongHKG-10,S$208.00
197,Dell R210-IIIntel Xeon E3-1230v2,16GBDDR3,2x500GBSATA2,Washington D.C.WDC-01,$139.00
198,Supermicro SC846Intel Xeon E5620,32GBDDR3,24x1TBSATA2,Washington D.C.WDC-01,$421.99
199,Supermicro SC846Intel Xeon E5620,32GBDDR3,24x1TBSATA2,FrankfurtFRA-10,€350.99
200,HP DL120G7Intel Xeon E3-1270,16GBDDR3,4x1TBSATA2,FrankfurtFRA-10,€87.99
201,HP DL120G7Intel Xeon E3-1230,16GBDDR3,4x1TBSATA2,Washington D.C.WDC-01,$103.99
202,Supermicro SC8131x Intel E5-1650v2,64GBDDR3,2x120GBSSD,Washington D.C.WDC-01,$233.99
203,HP DL120G91x Intel E5-1650v3,64GBDDR4,4x2TBSATA2,FrankfurtFRA-10,€219.99
204,HP DL120G91x Intel E5-1650v3,64GBDDR4,4x2TBSATA2,Washington D.C.WDC-01,$275.99
205,DL20G9Intel Xeon E3-1270v5,16GBDDR4,2x1TBSATA2,Washington D.C.WDC-01,$135.99
206,HP DL120G7Intel Xeon E3-1240,16GBDDR3,4x1TBSATA2,Washington D.C.WDC-01,$105.99
207,HP DL120G91x Intel E5-1650v3,32GBDDR4,4x1TBSATA2,San FranciscoSFO-12,$239.99
208,HP DL120G6Intel Xeon X3440,8GBDDR3,2x1TBSATA2,Washington D.C.WDC-01,$69.99
209,DL20G9Intel Xeon E3-1270v5,16GBDDR4,2x1TBSATA2,San FranciscoSFO-12,$135.99
210,Dell R730XD2x Intel Xeon E5-2670v3,128GBDDR4,2x120GBSSD,San FranciscoSFO-12,$437.99
211,HP DL120G6Intel Xeon X3440,8GBDDR3,2x240GBSSD,Washington D.C.WDC-01,$69.99
212,HP DL380pG82x Intel Xeon E5-2650,128GBDDR3,4x480GBSSD,Washington D.C.WDC-01,$399.99
213,HP DL380eG82x Intel Xeon E5-2420,32GBDDR3,8x2TBSATA2,FrankfurtFRA-10,€142.99
214,Dell R7202x Intel Xeon E5-2643,32GBDDR3,2x120GBSSD,FrankfurtFRA-10,€221.99
215,Dell R720XD2x Intel Xeon E5-2620,32GBDDR3,2x1TBSATA2,FrankfurtFRA-10,€187.99
216,HP DL380eG82x Intel Xeon E5-2420,64GBDDR3,8x2TBSATA2,FrankfurtFRA-10,€165.99
217,HP DL380eG82x Intel Xeon E5-2420,16GBDDR3,8x3TBSATA2,FrankfurtFRA-10,€165.99
218,HP DL380pG82x Intel Xeon E5-2650,128GBDDR3,1x120GBSSD,FrankfurtFRA-10,€247.99
219,HP DL380pG82x Intel Xeon E5-2620,32GBDDR3,2x1TBSATA2,Washington D.C.WDC-01,$225.99
220,HP DL380pG82x Intel Xeon E5-2620,32GBDDR3,2x1TBSATA2,San FranciscoSFO-12,$225.99
221,HP DL380pG82x Intel Xeon E5-2650,128GBDDR3,1x120GBSSD,Washington D.C.WDC-01,$297.99
222,HP DL380pG82x Intel Xeon E5-2650,128GBDDR3,1x120GBSSD,San FranciscoSFO-12,$297.99
223,HP DL380eG82x Intel Xeon E5-2420,64GBDDR3,8x2TBSATA2,San FranciscoSFO-12,$200.99
224,HP DL380eG82x Intel Xeon E5-2420,16GBDDR3,8x3TBSATA2,San FranciscoSFO-12,$200.99
225,IBM X3650M42x Intel Xeon E5-2620,32GBDDR3,2x1TBSATA2,San FranciscoSFO-12,$220.99
226,Dell R5102x Intel Xeon E5504,4GBDDR3,4x1TBSATA2,Washington D.C.WDC-01,$104.99
227,Dell R5102x Intel Xeon E5620,8GBDDR3,2x1TBSATA2,Washington D.C.WDC-01,$165.99
228,HP DL120G7Intel G850,4GBDDR3,4x1TBSATA2,SingaporeSIN-11,S$119.99
229,Dell R6302x Intel Xeon E5-2630v4,64GBDDR4,2x240GBSSD,SingaporeSIN-11,S$489.99
230,Dell R6302x Intel Xeon E5-2630v4,64GBDDR4,2x240GBSSD,Hong KongHKG-10,S$489.99
231,Dell R730XD2x Intel Xeon E5-2620V4,64GBDDR4,4x2TBSATA2,Hong KongHKG-10,S$421.99
232,RH2288v32x Intel Xeon E5-2620V4,64GBDDR4,4x2TBSATA2,SingaporeSIN-11,S$319.99
233,RH2288v32x Intel Xeon E5-2650V4,128GBDDR4,4x480GBSSD,SingaporeSIN-11,S$429.99
234,Dell R210-IIIntel Xeon E3-1270v2,8GBDDR3,2x1TBSATA2,SingaporeSIN-11,S$199.99
235,HP DL120G7Intel G850,16GBDDR3,4x1TBSATA2,FrankfurtFRA-10,€49.99
236,Dell R6202x Intel Xeon E5-2620v2,8GBDDR3,2x1TBSATA2,SingaporeSIN-11,S$319.99
237,Dell R210-IIIntel Xeon E3-1270v2,8GBDDR3,2x1TBSATA2,Hong KongHKG-10,S$199.99
238,Dell R210-IIIntel Xeon E3-1230v2,16GBDDR3,2x500GBSATA2,FrankfurtFRA-10,€74.00
239,HP DL20G9Intel Xeon E3-1270v5,16GBDDR4,2x1TBSATA2,FrankfurtFRA-10,€112.99
240,HP DL120G7Intel Xeon E3-1230,16GBDDR3,4x1TBSATA2,FrankfurtFRA-10,€75.00
241,HP DL380eG82x Intel Xeon E5-2420,64GBDDR3,8x2TBSATA2,FrankfurtFRA-10,€142.99
242,HP DL120G7Intel Xeon E3-1230,16GBDDR3,2x500GBSATA2,Washington D.C.WDC-01,$235.59
243,IBM X3650M42x Intel Xeon E5-2620,32GBDDR3,2x1TBSATA2,Washington D.C.WDC-01,$350.59
244,HP DL380pG82x Intel Xeon E5-2620,32GBDDR3,2x1TBSATA2,Washington D.C.WDC-01,$355.59
245,HP DL380pG82x Intel Xeon E5-2650,128GBDDR3,1x120GBSSD,Washington D.C.WDC-01,$427.59
246,IBM X3650M42x Intel Xeon E5-2620,32GBDDR3,2x1TBSATA2,FrankfurtFRA-10,€295.99
247,HP DL380pG82x Intel Xeon E5-2650,128GBDDR3,1x120GBSSD,FrankfurtFRA-10,€355.99
248,Dell R210-IIIntel Xeon E3-1270v2,16GBDDR3,2x1TBSATA2,FrankfurtFRA-10,€103.99
249,Dell R210-IIIntel Xeon E3-1270v2,16GBDDR3,2x1TBSATA2,San FranciscoSFO-12,$151.99
250,HP DL120G7Intel Xeon E3-1230,16GBDDR3,2x500GBSATA2,San FranciscoSFO-12,$135.99
251,HP DL120G7Intel Xeon E3-1230,16GBDDR3,2x500GBSATA2,FrankfurtFRA-10,€94.99
252,Dell R730XD2x Intel Xeon E5-2630v4,128GBDDR4,4x480GBSSD,Washington D.C.WDC-01,$410.99
253,HP DL120G7Intel G850,4GBDDR3,4x1TBSATA2,Washington D.C.WDC-01,$97.99
254,HP DL380eG82x Intel Xeon E5-2420,64GBDDR3,8x2TBSATA2,DallasDAL-10,$206.99
255,Supermicro SC846Intel Xeon E5620,32GBDDR3,24x1TBSATA2,DallasDAL-10,$451.99
256,HP DL180G62x Intel Xeon E5620,32GBDDR3,2x1TBSATA2,Hong KongHKG-10,S$719.99
257,Dell R730XD2x Intel Xeon E5-2620v4,64GBDDR4,2x120GBSSD,Washington D.C.WDC-01,$349.99
258,Dell R730XD2x Intel Xeon E5-2650v4,128GBDDR4,4x480GBSSD,Washington D.C.WDC-01,$461.99
259,DL20G9Intel Xeon E3-1270v5,16GBDDR4,2x1TBSATA2,Washington D.C.WDC-01,$169.99
260,HP DL380pG82x Intel Xeon E5-2650,128GBDDR3,1x120GBSSD,San FranciscoSFO-12,$327.99
261,Dell R730XD2x Intel Xeon E5-2620v3,64GBDDR4,2x120GBSSD,FrankfurtFRA-10,€277.99
262,Dell R730XD2x Intel Xeon E5-2650v3,128GBDDR4,2x120GBSSD,FrankfurtFRA-10,€367.99
263,Dell R730XD2x Intel Xeon E5-2670v3,128GBDDR4,2x120GBSSD,FrankfurtFRA-10,€389.99
264,Dell R730XD2x Intel Xeon E5-2620v3,64GBDDR4,2x120GBSSD,DallasDAL-10,$333.99
265,Dell R730XD2x Intel Xeon E5-2650v3,128GBDDR4,2x120GBSSD,DallasDAL-10,$441.99
266,Dell R730XD2x Intel Xeon E5-2670v3,128GBDDR4,2x120GBSSD,Washington D.C.WDC-01,$467.99
267,HP DL180G62x Intel Xeon E5620,32GBDDR3,8x300GBSAS,DallasDAL-10,$200.99
268,Dell R5102x Intel Xeon E5620,8GBDDR3,2x1TBSATA2,DallasDAL-10,$195.99
269,HP DL180G62x Intel Xeon E5645,32GBDDR3,8x2TBSATA2,DallasDAL-10,$217.99
270,HP DL380eG82x Intel Xeon E5-2420,16GBDDR3,8x3TBSATA2,DallasDAL-10,$367.79
271,IBM X3650M42x Intel Xeon E5-2620,32GBDDR3,2x1TBSATA2,DallasDAL-10,$250.99
272,Dell R720XD2x Intel Xeon E5-2620,32GBDDR3,2x1TBSATA2,DallasDAL-10,$255.99
273,HP DL380pG82x Intel Xeon E5-2650,128GBDDR3,1x120GBSSD,DallasDAL-10,$327.99
274,HP DL180G62x Intel Xeon E5620,32GBDDR3,8x300GBSAS,Washington D.C.WDC-01,$200.99
275,Dell R5102x Intel Xeon E5620,8GBDDR3,2x1TBSATA2,Washington D.C.WDC-01,$195.99
276,Dell R730XD2x Intel Xeon E5-2630v4,128GBDDR4,4x480GBSSD,FrankfurtFRA-10,€341.99
277,Dell R730XD2x Intel Xeon E5-2630v4,128GBDDR4,4x480GBSSD,DallasDAL-10,$410.99
278,HP DL380pG82x Intel Xeon E5-2620,32GBDDR3,2x1TBSATA2,DallasDAL-10,$255.99
279,HP DL380pG82x Intel Xeon E5-2650,128GBDDR3,1x120GBSSD,San FranciscoSFO-12,$327.99
280,HP DL380pG82x Intel Xeon E5-2620,32GBDDR3,2x1TBSATA2,San FranciscoSFO-12,$255.99
281,HP DL380pG82x Intel Xeon E5-2650,128GBDDR3,1x120GBSSD,Washington D.C.WDC-01,$327.99
282,Dell R720XD2x Intel Xeon E5-2620,32GBDDR3,2x1TBSATA2,Washington D.C.WDC-01,$255.99
283,IBM X36302x Intel Xeon E5620,16GBDDR3,2x1TBSATA2,Washington D.C.WDC-01,$202.99
284,IBM X3650M42x Intel Xeon E5-2620,32GBDDR3,2x1TBSATA2,Washington D.C.WDC-01,$250.99
285,HP DL380pG82x Intel Xeon E5-2620,32GBDDR3,2x1TBSATA2,Washington D.C.WDC-01,$255.99
286,HP DL380eG82x Intel Xeon E5-2420,16GBDDR3,8x3TBSATA2,Washington D.C.WDC-01,$367.79
287,HP DL380eG82x Intel Xeon E5-2420,16GBDDR3,8x3TBSATA2,San FranciscoSFO-12,$200.99
288,IBM X3650M42x Intel Xeon E5-2620,32GBDDR3,2x1TBSATA2,San FranciscoSFO-12,$250.99
289,Dell R730XD2x Intel Xeon E5-2620v3,64GBDDR4,2x120GBSSD,Washington D.C.WDC-01,$333.99
290,Dell R730XD2x Intel Xeon E5-2650v3,128GBDDR4,2x120GBSSD,Washington D.C.WDC-01,$441.99
291,HP DL180 G92x Intel Xeon E5-2620v3,64GBDDR4,2x120GBSSD,FrankfurtFRA-10,€279.99
292,HP DL180 G92x Intel Xeon E5-2620v3,64GBDDR4,2x120GBSSD,Washington D.C.WDC-01,$335.99
293,HP DL180 G92x Intel Xeon E5-2620v3,64GBDDR4,2x120GBSSD,DallasDAL-10,$335.99
294,HP DL160 G92x Intel Xeon E5-2630v3,128GBDDR4,2x120GBSSD,DallasDAL-10,$412.99
295,Dell R730XD2x Intel Xeon E5-2670v3,128GBDDR4,2x120GBSSD,DallasDAL-10,$467.99
296,HP DL180 G92x Intel Xeon E5-2630v3,128GBDDR4,2x120GBSSD,FrankfurtFRA-10,€343.99
297,HP DL180 G92x Intel Xeon E5-2630v3,128GBDDR4,2x120GBSSD,Washington D.C.WDC-01,$412.99
298,HP DL120G7Intel Xeon E3-1270,16GBDDR3,2x1TBSATA2,FrankfurtFRA-10,€99.99
299,HP DL120G6Intel G6950,4GBDDR3,4x500GBSATA2,Washington D.C.WDC-01,$79.99
300,HP DL120G7Intel Xeon E3-1230,16GBDDR3,2x500GBSATA2,DallasDAL-10,$135.99
301,HP DL120G7Intel Xeon E3-1270,16GBDDR3,2x500GBSATA2,DallasDAL-10,$140.99
302,Supermicro SC813MTQIntel Xeon E5-1650v2,64GBDDR3,2x120GBSSD,San FranciscoSFO-12,$233.99
303,Supermicro SC813MTQIntel Xeon E5-1650v2,64GBDDR3,2x120GBSSD,Washington D.C.WDC-01,$233.99
304,HP DL120G6Intel Xeon X3440,8GBDDR3,2x1TBSATA2,Washington D.C.WDC-01,$99.99
305,Dell R210-IIIntel Xeon E3-1270v2,16GBDDR3,2x1TBSATA2,DallasDAL-10,$151.99
306,Supermicro SC813MTQIntel Xeon E5-1650v2,64GBDDR3,2x120GBSSD,DallasDAL-10,$233.99
307,HP DL120G7Intel Xeon E3-1270,16GBDDR3,2x1TBSATA2,Washington D.C.WDC-01,$140.99
308,HP DL120G7Intel Xeon E3-1230,16GBDDR3,2x500GBSATA2,Washington D.C.WDC-01,$135.99
309,Dell R9304x Intel Xeon E7-4820v3,64GBDDR4,2x120GBSSD,SingaporeSIN-11,S$1953.99
310,Dell R9304x Intel Xeon E7-4830v3,64GBDDR4,2x120GBSSD,SingaporeSIN-11,S$2141.99
311,Dell R9304x Intel Xeon E7-4850v3,64GBDDR4,2x120GBSSD,FrankfurtFRA-10,€1069.99
312,Dell R9304x Intel Xeon E7-4850v3,64GBDDR4,2x120GBSSD,SingaporeSIN-11,S$2412.99
313,Dell R9304x Intel Xeon E7-4820v3,64GBDDR4,2x120GBSSD,FrankfurtFRA-10,€781.99
314,Dell R9304x Intel Xeon E7-4830v3,64GBDDR4,2x120GBSSD,FrankfurtFRA-10,€899.99
315,Supermicro SC846Intel Xeon E5620,32GBDDR3,24x1TBSATA2,Washington D.C.WDC-01,$451.99
316,Supermicro SC846Intel Xeon E5620,32GBDDR3,24x1TBSATA2,FrankfurtFRA-10,€375.99
317,Dell R210-IIIntel Xeon E3-1230v2,16GBDDR3,2x500GBSATA2,FrankfurtFRA-10,€96.99
318,HP DL380pG82x Intel Xeon E5-2650,128GBDDR3,1x120GBSSD,FrankfurtFRA-10,€272.99
319,HP DL180G62x Intel Xeon E5620,32GBDDR3,8x300GBSAS,FrankfurtFRA-10,€166.99
320,HP DL380eG82x Intel Xeon E5-2420,16GBDDR3,8x3TBSATA2,FrankfurtFRA-10,€190.99
321,Dell R720XD2x Intel Xeon E5-2620,32GBDDR3,2x1TBSATA2,FrankfurtFRA-10,€212.99
322,Dell R7202x Intel Xeon E5-2643,32GBDDR3,2x120GBSSD,FrankfurtFRA-10,€246.99
323,HP DL380eG82x Intel Xeon E5-2420,64GBDDR3,8x2TBSATA2,FrankfurtFRA-10,€190.99
324,HP DL380eG82x Intel Xeon E5-2420,64GBDDR3,8x2TBSATA2,Washington D.C.WDC-01,$230.99
325,HP DL180G62x Intel Xeon E5620,32GBDDR3,2x1TBSATA2,SingaporeSIN-11,S$719.99
326,HP DL180G62x Intel Xeon E5620,8GBDDR3,4x1TBSATA2,Washington D.C.WDC-01,$143.99
327,HP DL120G7Intel Xeon E3-1230,16GBDDR3,2x500GBSATA2,San FranciscoSFO-12,$111.99
328,Dell R210Intel Xeon X3430,8GBDDR3,2x500GBSATA2,Washington D.C.WDC-01,$61.99
329,Dell R210-IIIntel Xeon E3-1270v2,16GBDDR3,2x1TBSATA2,San FranciscoSFO-12,$127.99
330,HP DL120G7Intel Xeon E3-1230,16GBDDR3,2x500GBSATA2,Washington D.C.WDC-01,$111.99
331,HP DL120G7Intel Xeon E3-1270,16GBDDR3,2x1TBSATA2,Washington D.C.WDC-01,$116.99
332,Dell R730XD2x Intel Xeon E5-2630v4,128GBDDR4,4x480GBSSD,Washington D.C.WDC-01,$386.99
333,HP DL180G62x Intel Xeon E5620,32GBDDR3,8x300GBSAS,DallasDAL-10,$176.99
334,Dell R5102x Intel Xeon E5620,8GBDDR3,2x1TBSATA2,DallasDAL-10,$171.99
335,HP DL180G62x Intel Xeon E5645,32GBDDR3,8x2TBSATA2,DallasDAL-10,$193.99
336,HP DL380eG82x Intel Xeon E5-2420,64GBDDR3,8x2TBSATA2,DallasDAL-10,$230.99
337,HP DL380eG82x Intel Xeon E5-2420,16GBDDR3,8x3TBSATA2,DallasDAL-10,$230.99
338,IBM X3650M42x Intel Xeon E5-2620,32GBDDR3,2x1TBSATA2,DallasDAL-10,$226.99
339,HP DL380pG82x Intel Xeon E5-2620,32GBDDR3,2x1TBSATA2,DallasDAL-10,$231.99
340,HP DL380pG82x Intel Xeon E5-2650,128GBDDR3,1x120GBSSD,DallasDAL-10,$303.99
341,Supermicro SC846Intel Xeon E5620,32GBDDR3,24x1TBSATA2,DallasDAL-10,$427.99
342,HP DL180G62x Intel Xeon E5620,32GBDDR3,2x1TBSATA2,Hong KongHKG-10,S$569.99
343,HP DL180G62x Intel Xeon E5620,32GBDDR3,8x2TBSATA2,FrankfurtFRA-10,€146.99
344,Dell R730XD2x Intel Xeon E5-2620v4,64GBDDR4,2x120GBSSD,Washington D.C.WDC-01,$464.99
345,Dell R730XD2x Intel Xeon E5-2650v4,128GBDDR4,4x480GBSSD,Washington D.C.WDC-01,$576.99
346,DL20G9Intel Xeon E3-1270v5,16GBDDR4,2x1TBSATA2,Washington D.C.WDC-01,$280.99
347,Dell R730XD2x Intel Xeon E5-2620v3,64GBDDR4,2x120GBSSD,FrankfurtFRA-10,€257.99
348,Dell R730XD2x Intel Xeon E5-2650v3,128GBDDR4,2x120GBSSD,FrankfurtFRA-10,€347.99
349,Dell R730XD2x Intel Xeon E5-2620v3,64GBDDR4,2x120GBSSD,DallasDAL-10,$309.99
350,Dell R730XD2x Intel Xeon E5-2650v3,128GBDDR4,2x120GBSSD,DallasDAL-10,$417.99
351,Dell R730XD2x Intel Xeon E5-2670v3,128GBDDR4,2x120GBSSD,Washington D.C.WDC-01,$443.99
352,Dell R730XD2x Intel Xeon E5-2670v3,128GBDDR4,2x120GBSSD,FrankfurtFRA-10,€369.99
353,Dell R720XD2x Intel Xeon E5-2620,32GBDDR3,2x1TBSATA2,DallasDAL-10,$231.99
354,Dell R720XD2x Intel Xeon E5-2640v2,64GBDDR3,8x1TBSATA2,FrankfurtFRA-10,€279.00
355,Dell R730XD2x Intel Xeon E5-2630v4,128GBDDR4,4x480GBSSD,FrankfurtFRA-10,€321.99
356,Dell R730XD2x Intel Xeon E5-2630v4,128GBDDR4,4x480GBSSD,DallasDAL-10,$386.99
357,Dell R720XD2x Intel Xeon E5-2620,32GBDDR3,2x1TBSATA2,Washington D.C.WDC-01,$231.99
358,HP DL180G62x Intel Xeon E5620,32GBDDR3,2x1TBSATA2,SingaporeSIN-11,S$569.99
359,Dell R730XD2x Intel Xeon E5-2620v3,64GBDDR4,2x120GBSSD,Washington D.C.WDC-01,$309.99
360,Dell R730XD2x Intel Xeon E5-2650v3,128GBDDR4,2x120GBSSD,Washington D.C.WDC-01,$417.99
361,HP DL160 G92x Intel Xeon E5-2630v3,128GBDDR4,2x120GBSSD,FrankfurtFRA-10,€323.99
362,HP DL180 G92x Intel Xeon E5-2620v3,64GBDDR4,2x120GBSSD,FrankfurtFRA-10,€259.99
363,HP DL180 G92x Intel Xeon E5-2620v3,64GBDDR4,2x120GBSSD,Washington D.C.WDC-01,$311.99
364,HP DL160 G92x Intel Xeon E5-2630v3,128GBDDR4,2x120GBSSD,Washington D.C.WDC-01,$388.99
365,HP DL180 G92x Intel Xeon E5-2620v3,64GBDDR4,2x120GBSSD,DallasDAL-10,$311.99
366,HP DL160 G92x Intel Xeon E5-2630v3,128GBDDR4,2x120GBSSD,DallasDAL-10,$388.99
367,Dell R730XD2x Intel Xeon E5-2670v3,128GBDDR4,2x120GBSSD,DallasDAL-10,$443.99
368,HP DL120G7Intel Xeon E3-1270,16GBDDR3,2x1TBSATA2,FrankfurtFRA-10,€96.99
369,HP DL120G7Intel Xeon E3-1230,16GBDDR3,2x500GBSATA2,DallasDAL-10,$111.99
370,HP DL120G7Intel Xeon E3-1270,16GBDDR3,2x500GBSATA2,DallasDAL-10,$116.99
371,Supermicro SC813MTQIntel Xeon E5-1650v2,64GBDDR3,2x120GBSSD,Washington D.C.WDC-01,$209.99
372,HP DL120G6Intel Xeon X3440,8GBDDR3,2x1TBSATA2,Washington D.C.WDC-01,$75.99
373,Dell R210-IIIntel Xeon E3-1270v2,16GBDDR3,2x1TBSATA2,DallasDAL-10,$127.99
374,Supermicro SC813MTQIntel Xeon E5-1650v2,64GBDDR3,2x120GBSSD,DallasDAL-10,$209.99
375,HP DL120G7Intel Xeon E3-1230,16GBDDR3,2x500GBSATA2,FrankfurtFRA-10,€92.99
376,HP DL120G6Intel G6950,4GBDDR3,4x500GBSATA2,Washington D.C.WDC-01,$55.99
377,Supermicro SC813MTQIntel Xeon E5-1650v2,64GBDDR3,2x120GBSSD,San FranciscoSFO-12,$209.99
378,Dell R9304x Intel Xeon E7-4820v3,64GBDDR4,2x120GBSSD,SingaporeSIN-11,S$1553.99
379,Dell R9304x Intel Xeon E7-4830v3,64GBDDR4,2x120GBSSD,SingaporeSIN-11,S$1741.99
380,Dell R9304x Intel Xeon E7-4850v3,64GBDDR4,2x120GBSSD,FrankfurtFRA-10,€1049.99
381,Dell R9304x Intel Xeon E7-4850v3,64GBDDR4,2x120GBSSD,SingaporeSIN-11,S$2012.99
382,Dell R9304x Intel Xeon E7-4820v3,64GBDDR4,2x120GBSSD,FrankfurtFRA-10,€761.99
383,Dell R9304x Intel Xeon E7-4830v3,64GBDDR4,2x120GBSSD,FrankfurtFRA-10,€879.99
384,Supermicro SC846Intel Xeon E5620,32GBDDR3,24x1TBSATA2,Washington D.C.WDC-01,$427.99
385,Supermicro SC846Intel Xeon E5620,32GBDDR3,24x1TBSATA2,FrankfurtFRA-10,€355.99
386,Dell R7202x Intel Xeon E5-2643,32GBDDR3,2x120GBSSD,FrankfurtFRA-10,€226.99
387,Dell R720XD2x Intel Xeon E5-2620,32GBDDR3,2x1TBSATA2,FrankfurtFRA-10,€192.99
388,HP DL380pG82x Intel Xeon E5-2650,128GBDDR3,1x120GBSSD,FrankfurtFRA-10,€252.99
389,HP DL380eG82x Intel Xeon E5-2420,16GBDDR3,8x3TBSATA2,FrankfurtFRA-10,€170.99
390,HP DL380eG82x Intel Xeon E5-2420,64GBDDR3,8x2TBSATA2,FrankfurtFRA-10,€170.99
391,HP DL380eG82x Intel Xeon E5-2420,64GBDDR3,8x2TBSATA2,San FranciscoSFO-12,$200.99
392,HP DL380eG82x Intel Xeon E5-2420,16GBDDR3,8x3TBSATA2,San FranciscoSFO-12,$200.99
393,IBM X3650M42x Intel Xeon E5-2620,32GBDDR3,2x1TBSATA2,San FranciscoSFO-12,$226.99
394,Dell R5102x Intel Xeon E5504,4GBDDR3,4x1TBSATA2,Washington D.C.WDC-01,$110.99
395,HP DL180G62x Intel Xeon E5620,32GBDDR3,8x300GBSAS,Washington D.C.WDC-01,$176.99
396,HP DL180G62x Intel Xeon E5645,32GBDDR3,8x2TBSATA2,Washington D.C.WDC-01,$193.99
397,HP DL380eG82x Intel Xeon E5-2420,64GBDDR3,8x2TBSATA2,Washington D.C.WDC-01,$200.99
398,HP DL380eG82x Intel Xeon E5-2420,16GBDDR3,8x3TBSATA2,Washington D.C.WDC-01,$230.99
399,HP DL380pG82x Intel Xeon E5-2620,32GBDDR3,2x1TBSATA2,Washington D.C.WDC-01,$231.99
400,HP DL380pG82x Intel Xeon E5-2620,32GBDDR3,2x1TBSATA2,San FranciscoSFO-12,$231.99
401,HP DL380pG82x Intel Xeon E5-2650,128GBDDR3,1x120GBSSD,Washington D.C.WDC-01,$303.99
402,HP DL380pG82x Intel Xeon E5-2650,128GBDDR3,1x120GBSSD,San FranciscoSFO-12,$303.99
403,IBM X3650M42x Intel Xeon E5-2620,32GBDDR3,2x1TBSATA2,Washington D.C.WDC-01,$226.99
404,Dell R5102x Intel Xeon E5620,8GBDDR3,2x1TBSATA2,Washington D.C.WDC-01,$171.99
405,HP DL120G6Intel Xeon X3440,4GBDDR3,2x500GBSATA2,Washington D.C.WDC-01,$236.79
406,HP DL120G7Intel Xeon E3-1230,16GBDDR3,2x500GBSATA2,Washington D.C.WDC-01,$272.79
407,HP DL120G7Intel Xeon E3-1270,16GBDDR3,2x1TBSATA2,Washington D.C.WDC-01,$277.79
408,Dell R210-IIIntel Xeon E3-1270v2,16GBDDR3,2x1TBSATA2,San FranciscoSFO-12,$288.79
409,Dell R210Intel Xeon X3440,16GBDDR3,2x2TBSATA2,Washington D.C.WDC-01,$237.79
410,HP DL120G7Intel Xeon E3-1230,16GBDDR3,2x500GBSATA2,San FranciscoSFO-12,$272.79
411,Dell R210Intel Xeon X3430,8GBDDR3,2x500GBSATA2,Washington D.C.WDC-01,$222.79
412,HP DL120G7Intel Xeon E3-1230,16GBDDR3,2x500GBSATA2,FrankfurtFRA-10,€226.99
413,HP DL120G7Intel Xeon E3-1270,16GBDDR3,2x1TBSATA2,FrankfurtFRA-10,€230.99
414,Dell R730XD2x Intel Xeon E5-2630v4,128GBDDR4,4x480GBSSD,Washington D.C.WDC-01,$547.79
415,Dell R5102x Intel Xeon E5620,8GBDDR3,2x1TBSATA2,DallasDAL-10,$332.79
416,HP DL180G62x Intel Xeon E5620,32GBDDR3,8x300GBSAS,DallasDAL-10,$337.79
417,HP DL180G62x Intel Xeon E5645,32GBDDR3,8x2TBSATA2,DallasDAL-10,$354.79
418,HP DL380eG82x Intel Xeon E5-2420,64GBDDR3,8x2TBSATA2,DallasDAL-10,$367.79
419,HP DL380eG82x Intel Xeon E5-2420,16GBDDR3,8x3TBSATA2,DallasDAL-10,$367.79
420,IBM X3650M42x Intel Xeon E5-2620,32GBDDR3,2x1TBSATA2,DallasDAL-10,$387.79
421,HP DL380pG82x Intel Xeon E5-2620,32GBDDR3,2x1TBSATA2,DallasDAL-10,$392.79
422,HP DL380pG82x Intel Xeon E5-2650,128GBDDR3,1x120GBSSD,DallasDAL-10,$464.79
423,Supermicro SC846Intel Xeon E5620,32GBDDR3,24x1TBSATA2,DallasDAL-10,$588.79
424,Dell R730XD2x Intel Xeon E5-2620v4,64GBDDR4,2x120GBSSD,Washington D.C.WDC-01,$994.99
425,Dell R730XD2x Intel Xeon E5-2650v4,128GBDDR4,4x480GBSSD,Washington D.C.WDC-01,$1106.99
426,DL20G9Intel Xeon E3-1270v5,16GBDDR4,2x1TBSATA2,Washington D.C.WDC-01,$810.99
427,Dell R730XD2x Intel Xeon E5-2630v4,128GBDDR4,4x480GBSSD,Washington D.C.WDC-01,$1055.99
428,Dell R730XD2x Intel Xeon E5-2620v3,64GBDDR4,2x120GBSSD,FrankfurtFRA-10,€391.99
429,Dell R730XD2x Intel Xeon E5-2650v3,128GBDDR4,2x120GBSSD,FrankfurtFRA-10,€481.99
430,Dell R730XD2x Intel Xeon E5-2650v3,128GBDDR4,2x120GBSSD,DallasDAL-10,$578.79
431,Dell R730XD2x Intel Xeon E5-2620v3,64GBDDR4,2x120GBSSD,DallasDAL-10,$470.79
432,Dell R730XD2x Intel Xeon E5-2670v3,128GBDDR4,2x120GBSSD,FrankfurtFRA-10,€503.99
433,Dell R730XD2x Intel Xeon E5-2670v3,128GBDDR4,2x120GBSSD,Washington D.C.WDC-01,$604.79
434,Dell R720XD2x Intel Xeon E5-2620,32GBDDR3,2x1TBSATA2,DallasDAL-10,$392.79
435,Dell R730XD2x Intel Xeon E5-2630v4,128GBDDR4,4x480GBSSD,FrankfurtFRA-10,€455.99
436,Dell R730XD2x Intel Xeon E5-2630v4,128GBDDR4,4x480GBSSD,DallasDAL-10,$547.79
437,IBM X36302x Intel Xeon E5620,16GBDDR3,2x1TBSATA2,Washington D.C.WDC-01,$339.79
438,HP DL380pG82x Intel Xeon E5-2620,32GBDDR3,2x1TBSATA2,San FranciscoSFO-12,$392.79
439,HP DL380pG82x Intel Xeon E5-2650,128GBDDR3,1x120GBSSD,San FranciscoSFO-12,$464.79
440,Dell R720XD2x Intel Xeon E5-2620,32GBDDR3,2x1TBSATA2,Washington D.C.WDC-01,$392.79
441,Dell R730XD2x Intel Xeon E5-2620v3,64GBDDR4,2x120GBSSD,Washington D.C.WDC-01,$470.79
442,Dell R730XD2x Intel Xeon E5-2650v3,128GBDDR4,2x120GBSSD,Washington D.C.WDC-01,$578.79
443,HP DL160 G92x Intel Xeon E5-2630v3,128GBDDR4,2x120GBSSD,FrankfurtFRA-10,€457.99
444,HP DL180 G92x Intel Xeon E5-2620v3,64GBDDR4,2x120GBSSD,FrankfurtFRA-10,€393.99
445,HP DL180 G92x Intel Xeon E5-2620v3,64GBDDR4,2x120GBSSD,Washington D.C.WDC-01,$472.79
446,HP DL180 G92x Intel Xeon E5-2620v3,64GBDDR4,2x120GBSSD,DallasDAL-10,$472.79
447,HP DL160 G92x Intel Xeon E5-2630v3,128GBDDR4,2x120GBSSD,DallasDAL-10,$549.79
448,Dell R730XD2x Intel Xeon E5-2670v3,128GBDDR4,2x120GBSSD,DallasDAL-10,$604.79
449,HP DL180 G92x Intel Xeon E5-2630v3,128GBDDR4,2x120GBSSD,Washington D.C.WDC-01,$549.79
450,Supermicro SC813MTQIntel Xeon E5-1650v2,64GBDDR3,2x120GBSSD,Washington D.C.WDC-01,$370.79
451,Supermicro SC813MTQIntel Xeon E5-1650v2,64GBDDR3,2x120GBSSD,San FranciscoSFO-12,$370.79
452,HP DL120G7Intel Xeon E3-1230,16GBDDR3,2x500GBSATA2,DallasDAL-10,$272.79
453,HP DL120G7Intel Xeon E3-1270,16GBDDR3,2x1TBSATA2,DallasDAL-10,$277.79
454,Dell R210-IIIntel Xeon E3-1270v2,16GBDDR3,2x1TBSATA2,DallasDAL-10,$288.79
455,Supermicro SC813MTQIntel Xeon E5-1650v2,64GBDDR3,2x120GBSSD,DallasDAL-10,$370.79
456,HP DL120G6Intel G6950,4GBDDR3,4x500GBSATA2,Washington D.C.WDC-01,$216.79
457,Dell R9304x Intel Xeon E7-4820v3,64GBDDR4,2x120GBSSD,SingaporeSIN-11,S$4203.99
458,Dell R9304x Intel Xeon E7-4830v3,64GBDDR4,2x120GBSSD,SingaporeSIN-11,S$4391.99
459,Dell R9304x Intel Xeon E7-4850v3,64GBDDR4,2x120GBSSD,FrankfurtFRA-10,€1183.99
460,Dell R9304x Intel Xeon E7-4850v3,64GBDDR4,2x120GBSSD,SingaporeSIN-11,S$4662.99
461,Dell R9304x Intel Xeon E7-4820v3,64GBDDR4,2x120GBSSD,FrankfurtFRA-10,€895.99
462,Dell R9304x Intel Xeon E7-4830v3,64GBDDR4,2x120GBSSD,FrankfurtFRA-10,€1013.99
463,Supermicro SC846Intel Xeon E5620,32GBDDR3,24x1TBSATA2,Washington D.C.WDC-01,$588.79
464,Supermicro SC846Intel Xeon E5620,32GBDDR3,24x1TBSATA2,FrankfurtFRA-10,€489.99
465,Dell R7202x Intel Xeon E5-2643,32GBDDR3,2x120GBSSD,FrankfurtFRA-10,€360.99
466,Dell R720XD2x Intel Xeon E5-2620,32GBDDR3,2x1TBSATA2,FrankfurtFRA-10,€326.99
467,HP DL180G62x Intel Xeon E5620,32GBDDR3,8x300GBSAS,FrankfurtFRA-10,€280.99
468,HP DL380eG82x Intel Xeon E5-2420,16GBDDR3,8x3TBSATA2,FrankfurtFRA-10,€304.99
469,HP DL380pG82x Intel Xeon E5-2650,128GBDDR3,1x120GBSSD,FrankfurtFRA-10,€386.99
470,HP DL380eG82x Intel Xeon E5-2420,16GBDDR3,8x3TBSATA2,San FranciscoSFO-12,$367.79
471,IBM X3650M42x Intel Xeon E5-2620,32GBDDR3,2x1TBSATA2,San FranciscoSFO-12,$387.79
472,Dell R5102x Intel Xeon E5504,4GBDDR3,4x1TBSATA2,Washington D.C.WDC-01,$271.79
473,Dell R5102x Intel Xeon E5620,8GBDDR3,2x1TBSATA2,Washington D.C.WDC-01,$332.79
474,HP DL180G62x Intel Xeon E5620,32GBDDR3,8x300GBSAS,Washington D.C.WDC-01,$337.79
475,HP DL180G62x Intel Xeon E5645,32GBDDR3,8x2TBSATA2,Washington D.C.WDC-01,$354.79
476,HP DL380eG82x Intel Xeon E5-2420,16GBDDR3,8x3TBSATA2,Washington D.C.WDC-01,$367.79
477,HP DL380pG82x Intel Xeon E5-2620,32GBDDR3,2x1TBSATA2,Washington D.C.WDC-01,$392.79
478,HP DL380pG82x Intel Xeon E5-2650,128GBDDR3,1x120GBSSD,Washington D.C.WDC-01,$464.79
479,IBM X3650M42x Intel Xeon E5-2620,32GBDDR3,2x1TBSATA2,Washington D.C.WDC-01,$387.79
480,HP DL120G7Intel Xeon E3-1230,8GBDDR3,4x500GBSATA2,Washington D.C.WDC-01,$2169.99
481,HP DL380pG82x Intel Xeon E5-2620,8GBDDR3,4x1TBSATA2,DallasDAL-10,$2289.99
482,HP DL380pG82x Intel Xeon E5-2650,8GBDDR3,4x1TBSATA2,DallasDAL-10,$2361.99
483,HP DL120G7Intel Xeon E3-1230,8GBDDR3,4x500GBSATA2,DallasDAL-10,$2169.99
484,HP DL380pG82x Intel Xeon E5-2650,8GBDDR3,4x1TBSATA2,FrankfurtFRA-10,€1967.99
485,HP DL380pG82x Intel Xeon E5-2620,8GBDDR3,4x1TBSATA2,Washington D.C.WDC-01,$2289.99
486,HP DL380pG82x Intel Xeon E5-2650,8GBDDR3,4x1TBSATA2,Washington D.C.WDC-01,$2361.99
